Fecha,La Paz,Cochabamba,Santa Cruz,Oruro,Potosí,Tarija,Chuquisaca,Beni,Pando
01/06/2021,77942,49485,133168,19124,17106,29704,21571,18005,6030
31/05/2021,77379,48460,132066,18987,16963,29492,21439,17916,5994
30/05/2021,77063,47545,131308,18810,16889,29307,21180,17819,5970
29/05/2021,76655,47032,131012,18704,16723,29261,21038,17742,5964
28/05/2021,76123,46609,130367,18538,16620,29185,20924,17660,5961
27/05/2021,75732,45857,129341,18247,16555,28975,20754,17584,5952
26/05/2021,75269,45031,128450,18015,16419,28787,20615,17448,5945
25/05/2021,74923,44109,127457,17714,16324,28549,20506,17251,5933
23/05/2021,74659,43157,126365,17563,16154,28274,20412,17095,5908
22/05/2021,74356,42729,125989,17402,16110,28238,20308,17082,5907
21/05/2021,74003,42287,125317,17149,16039,28127,20154,17028,5900
20/05/2021,73645,41424,124284,16911,15945,27952,19973,16987,5878
19/05/2021,73391,40666,123159,16600,15897,27776,19857,16936,5859
18/05/2021,73067,39893,122246,16382,15816,27566,19691,16884,5830
17/05/2021,72837,39180,121290,16155,15750,27340,19563,16830,5813
16/05/2021,72552,38539,120492,16116,15710,27138,19487,16680,5787
15/05/2021,72327,38460,120109,15988,15659,27115,19408,16667,5783
14/05/2021,71965,38084,119556,15792,15612,27060,19276,16611,5777
13/05/2021,71527,37365,118856,15618,15554,26888,19154,16498,5764
12/05/2021,71290,36680,118043,15438,15487,26740,19057,16381,5752
11/05/2021,71052,36081,117204,15243,15445,26594,18924,16295,5740
10/05/2021,70875,35354,116356,15077,15416,26411,18809,16193,5718
09/05/2021,70749,34918,115686,15038,15391,26278,18770,16081,5699
08/05/2021,70456,34716,115411,14930,15363,26255,18665,16054,5697
07/05/2021,70250,34381,114949,14811,15309,26218,18594,15957,5684
06/05/2021,70039,33866,114223,14681,15273,26093,18456,15895,5664
05/05/2021,69856,33320,113621,14550,15254,25986,18327,15841,5652
04/05/2021,69606,32880,113088,14416,15202,25856,18222,15671,5631
03/05/2021,69460,32488,112565,14326,15165,25686,18150,15550,5594
02/05/2021,69224,32134,112019,14297,15142,25542,18107,15524,5572
01/05/2021,68923,32008,111626,14228,15120,25515,18039,15503,5565
30/04/2021,68681,31796,111410,14173,15099,25484,17978,15416,5557
29/04/2021,68443,31475,110521,14069,15077,25367,17910,15346,5524
28/04/2021,68062,31096,109860,13984,15008,25252,17849,15217,5503
26/04/2021,67696,30454,108557,13834,14962,25017,17746,15068,5444
25/04/2021,67653,30270,108006,13770,14945,24893,17712,14992,5418
24/04/2021,67507,30165,107902,13738,14936,24887,17666,14980,5404
19/04/2021,66420,28986,105041,13438,14815,24410,17418,14575,5259
18/04/2021,66338,28808,104004,13402,14775,24271,17353,14463,5226
17/04/2021,66207,28725,103864,13354,14772,24250,17326,14409,5212
16/04/2021,65927,28627,103253,13315,14771,24194,17288,14376,5183
15/04/2021,65709,28440,102728,13286,14753,24088,17238,14324,5122
14/04/2021,65555,28286,102448,13229,14741,24081,17196,14248,5081
13/04/2021,65403,28125,102027,13179,14707,23951,17161,14157,5047
12/04/2021,65276,27984,101580,13132,14679,23859,17124,14010,5014
11/04/2021,65226,27852,101087,13109,14657,23754,17103,13912,4969
10/04/2021,65037,27823,100933,13095,14653,23742,17076,13834,4951
09/04/2021,64707,27741,100631,13068,14622,23716,17047,13752,4939
08/04/2021,64549,27599,99891,12995,14599,23607,16994,13654,4893
07/04/2021,64333,27477,99758,12974,14556,23502,16968,13555,4843
06/04/2021,64223,27333,98821,12930,14548,23396,16929,13484,4800
05/04/2021,64169,27238,98268,12898,14526,23292,16903,13357,4741
04/04/2021,64081,27142,98268,12872,14514,23212,16888,13267,4690
03/04/2021,64045,27118,97993,12865,14485,23207,16866,13219,4669
02/04/2021,63975,27072,97742,12856,14485,23171,16821,13179,4646
01/04/2021,63842,27035,97506,12831,14476,23156,16787,13083,4611
31/03/2021,63703,26907,97154,12796,14458,23058,16741,13020,4574
30/03/2021,63618,26751,96756,12770,14449,22957,16707,12902,4509
29/03/2021,63517,26642,96233,12719,14437,22867,16674,12805,4453
28/03/2021,63449,26567,95954,12692,14430,22777,16640,12686,4433
27/03/2021,63373,26529,95897,12675,14414,22765,16594,12653,4402
26/03/2021,63333,26442,95641,12650,14410,22736,16578,12547,4374
25/03/2021,63280,26347,95249,12600,14402,22645,16538,12474,4298
24/03/2021,63202,26270,94917,12573,14384,22577,16507,12382,4247
23/03/2021,63109,26147,94523,12538,14370,22485,16443,12264,4207
22/03/2021,63019,26079,94117,12502,14341,22409,16410,12148,4182
21/03/2021,62976,26007,93886,12480,14328,22336,16371,12102,4148
20/03/2021,62929,25974,93837,12473,14316,22324,16344,12081,4133
19/03/2021,62855,25929,93551,12439,14308,22302,16279,12019,4126
18/03/2021,62769,25852,93183,12397,14249,22218,16225,11935,4113
17/03/2021,62646,25788,92830,12362,14194,22136,16162,11867,4071
16/03/2021,62511,25681,92384,12321,14171,22053,16131,11698,4038
15/03/2021,62403,25595,91959,12274,14129,21961,16097,11619,4022
14/03/2021,62349,25537,91615,12236,14094,21888,16067,11597,4006
13/03/2021,62273,25515,91463,12225,14072,21862,16028,11566,4000
12/03/2021,62133,25473,91125,12191,14043,21845,15995,11524,3995
11/03/2021,61998,25395,90612,12091,14014,21756,15934,11469,3971
10/03/2021,61871,25307,90304,12063,13989,21665,15890,11431,3942
09/03/2021,61751,25205,89989,11995,13966,21542,15843,11400,3930
08/03/2021,61615,25122,89578,11943,13933,21444,15818,11361,3922
07/03/2021,61531,25059,89442,11901,13923,21372,15785,11350,3910
06/03/2021,61390,25041,89382,11883,13891,21360,15757,11341,3905
05/03/2021,61258,24941,89126,11839,13873,21333,15708,11317,3902
04/03/2021,61003,24864,88828,11765,13821,21220,15658,11307,3894
03/03/2021,60862,24740,88421,11660,13787,21147,15587,11295,3892
02/03/2021,60743,24631,88079,11614,13759,21036,15530,11276,3889
01/03/2021,60659,24533,87740,11579,13735,20946,15442,11249,3884
28/02/2021,60584,24457,87385,11518,13692,20863,15408,11224,3879
27/02/2021,60491,24417,87208,11481,13673,20846,15336,11216,3879
26/02/2021,60320,24353,86988,11433,13652,20796,15275,11196,3878
25/02/2021,60083,24209,86636,11333,13606,20704,15208,11175,3868
24/02/2021,59846,24119,86175,11262,13543,20610,15160,11148,3856
23/02/2021,59637,23956,85611,11119,13495,20513,15091,11113,3845
22/02/2021,59440,23804,85065,11068,13440,20411,15032,11076,3840
21/02/2021,59277,23697,84716,11019,13379,20330,14979,11061,3834
20/02/2021,59132,23648,84536,10988,13338,20328,14919,11056,3826
19/02/2021,58842,23565,84175,10846,13296,20274,14847,11010,3821
18/02/2021,58590,23455,83723,10802,13223,20166,14766,10990,3809
17/02/2021,58456,23309,83277,10706,13196,20084,14708,10961,3798
16/02/2021,58314,23140,82968,10679,13189,20001,14669,10955,3791
15/02/2021,58063,23088,82893,10629,13175,19995,14569,10948,3784
14/02/2021,57734,22979,82570,10564,13105,19966,14399,10938,3781
13/02/2021,57734,22979,82570,10564,13105,19966,14399,10938,3781
12/02/2021,57525,22860,82259,10505,13036,19905,14318,10911,3779
11/02/2021,57209,22765,81788,10469,12897,19842,14229,10887,3768
10/02/2021,56903,22631,81149,10416,12897,19751,14131,10864,3760
09/02/2021,56493,22440,80484,10298,12772,19651,14037,10821,3735
08/02/2021,56202,22289,79799,10217,12684,19546,13946,10783,3721
07/02/2021,55916,22154,79322,10172,12613,19448,13854,10777,3711
06/02/2021,55566,22150,79205,10067,12505,19444,13750,10763,3678
05/02/2021,55244,22022,78791,9943,12445,19404,13681,10735,3645
04/02/2021,54879,21882,78175,9776,12338,19331,13568,10675,3610
03/02/2021,54549,21662,77538,9654,12172,19279,13422,10598,3573
02/02/2021,53988,21454,76800,9535,12046,19205,13315,10550,3533
01/02/2021,53369,21274,75949,9428,11944,19095,13235,10489,3516
31/01/2021,52939,21121,75332,9387,11895,19035,13167,10461,3498
30/01/2021,52357,21036,74994,9225,11820,19027,13018,10434,3486
29/01/2021,51746,20892,74204,9073,11746,18973,12894,10382,3482
28/01/2021,51049,20643,73226,8916,11639,18860,12658,10270,3465
27/01/2021,50450,20375,72087,8739,11554,18767,12501,10157,3444
26/01/2021,49848,20090,70874,8610,11510,18672,12276,9901,3427
25/01/2021,49293,19894,69927,8439,11464,18552,12033,9808,3408
24/01/2021,49069,19677,69057,8346,11374,18518,11811,9799,3386
23/01/2021,48729,19623,68673,8289,11325,18509,11697,9768,3376
22/01/2021,48132,19458,68129,8178,11255,18470,11547,9724,3364
21/01/2021,47848,19319,67433,8017,11136,18305,11383,9599,3353
20/01/2021,47222,19088,66236,7938,11024,18241,11232,9441,3323
19/01/2021,46709,18863,65078,7752,10828,18177,11115,9282,3286
18/01/2021,46387,18536,63967,7671,10789,18072,10981,9100,3230
17/01/2021,46119,18375,63293,7622,10754,17999,10842,9006,3173
16/01/2021,45584,18292,62868,7522,10637,17983,10690,8958,3146
15/01/2021,45042,18142,61979,7424,10563,17889,10547,8896,3107
14/01/2021,44444,17851,60934,7357,10470,17852,10418,8632,3058
13/01/2021,43915,17664,60118,7250,10344,17772,10253,8468,3034
12/01/2021,43357,17479,59278,7194,10304,17712,10099,8348,2990
11/01/2021,43113,17306,58690,7062,10275,17643,10011,8231,2957
10/01/2021,42842,17087,58139,7037,10219,17620,9882,8145,2925
09/01/2021,42399,16979,57812,6972,10191,17620,9799,8119,2907
08/01/2021,41965,16827,57203,6896,10147,17520,9656,8050,2890
07/01/2021,41297,16505,56420,6838,10128,17477,9492,7916,2818
06/01/2021,40667,16299,55782,6799,10080,17368,9390,7835,2761
05/01/2021,40380,16067,55093,6722,10014,17306,9251,7723,2712
04/01/2021,40088,15865,54222,6698,9981,17271,9191,7660,2695
03/01/2021,39978,15697,53727,6686,9946,17238,9093,7611,2685
02/01/2021,39867,15602,53420,6672,9935,17238,9049,7611,2661
01/01/2021,39481,15510,52994,6661,9934,17175,8975,7611,2644
31/12/2020,39085,15462,52811,6601,9922,17136,8902,7595,2610
30/12/2020,38732,15263,51936,6565,9878,17100,8738,7567,2593
29/12/2020,38393,15141,51267,6508,9851,17060,8632,7472,2563
28/12/2020,38114,14962,50616,6491,9828,17011,8574,7454,2544
27/12/2020,38014,14900,50133,6495,9821,16999,8540,7409,2542
26/12/2020,37801,14865,49927,6476,9821,16997,8518,7409,2534
25/12/2020,37604,14778,49524,6470,9801,16973,8500,7409,2531
24/12/2020,37433,14765,49388,6456,9768,16973,8417,7409,2512
23/12/2020,37099,14699,48914,6434,9748,16921,8347,7401,2501
22/12/2020,36774,14638,48438,6404,9737,16891,8304,7383,2490
21/12/2020,36651,14579,48030,6391,9728,16869,8283,7373,2481
20/12/2020,36605,14521,47803,6385,9723,16857,8276,7373,2480
19/12/2020,36482,14515,47770,6361,9723,16857,8220,7373,2469
18/12/2020,36365,14494,47390,6343,9705,16834,8187,7371,2460
17/12/2020,36263,14465,47116,6318,9690,16819,8171,7368,2455
16/12/2020,36131,14455,46876,6302,9678,16807,8158,7364,2443
15/12/2020,35998,14434,46606,6291,9652,16789,8148,7360,2438
14/12/2020,35934,14424,46356,6280,9648,16771,8138,7358,2436
13/12/2020,35923,14415,46200,6278,9641,16769,8133,7356,2435
12/12/2020,35875,14414,46154,6273,9632,16767,8125,7356,2434
11/12/2020,35838,14398,45936,6261,9606,16757,8119,7354,2428
10/12/2020,35772,14381,45750,6257,9602,16745,8103,7354,2421
09/12/2020,35685,14360,45589,6250,9585,16731,8091,7353,2416
08/12/2020,35670,14345,45448,6241,9568,16725,8084,7352,2413
07/12/2020,35649,14331,45352,6235,9541,16716,8070,7350,2413
06/12/2020,35646,14315,45297,6233,9527,16712,8067,7350,2413
05/12/2020,35626,14311,45277,6223,9521,16712,8059,7350,2413
04/12/2020,35594,14307,45215,6213,9493,16694,8054,7348,2407
03/12/2020,35564,14293,45164,6198,9482,16688,8047,7345,2405
02/12/2020,35519,14280,45076,6184,9470,16676,8040,7344,2405
01/12/2020,35504,14266,44985,6174,9437,16666,8032,7342,2404
30/11/2020,35497,14253,44923,6168,9435,16657,8030,7342,2403
29/11/2020,35494,14238,44878,6165,9430,16651,8024,7340,2402
28/11/2020,35489,14238,44870,6155,9426,16651,8021,7340,2402
27/11/2020,35466,14233,44854,6154,9425,16617,8004,7340,2401
26/11/2020,35447,14217,44823,6146,9413,16614,7991,7339,2400
25/11/2020,35437,14185,44783,6141,9399,16608,7988,7339,2396
24/11/2020,35421,14169,44739,6137,9376,16596,7982,7332,2395
23/11/2020,35414,14155,44684,6134,9361,16584,7977,7331,2394
22/11/2020,35413,14145,44654,6134,9360,16574,7973,7331,2394
21/11/2020,35389,14144,44650,6123,9347,16574,7970,7331,2394
20/11/2020,35383,14136,44630,6121,9342,16557,7960,7331,2394
19/11/2020,35369,14127,44588,6111,9339,16545,7952,7331,2394
18/11/2020,35307,14117,44551,6105,9296,16528,7942,7330,2393
17/11/2020,35286,14115,44523,6102,9274,16517,7939,7324,2393
16/11/2020,35271,14109,44478,6100,9272,16498,7933,7318,2392
15/11/2020,35237,14087,44436,6096,9259,16491,7930,7318,2392
14/11/2020,35218,14083,44410,6088,9259,16491,7922,7318,2392
13/11/2020,35182,14080,44398,6084,9242,16469,7907,7318,2389
12/11/2020,35123,14062,44347,6083,9220,16454,7898,7317,2385
11/11/2020,35115,14042,44312,6069,9198,16442,7896,7317,2385
10/11/2020,35088,14027,44244,6061,9174,16385,7884,7314,2384
09/11/2020,35088,14027,44244,6061,9174,16385,7884,7314,2384
08/11/2020,35086,14023,44203,6057,9167,16362,7882,7311,2384
07/11/2020,35076,14021,44197,6041,9163,16362,7873,7311,2384
06/11/2020,35061,14014,44185,6039,9157,16326,7869,7311,2381
05/11/2020,35048,14011,44135,6028,9142,16299,7855,7305,2378
04/11/2020,35010,13999,44095,6024,9134,16273,7849,7300,2378
03/11/2020,35000,13988,44049,6018,9124,16248,7837,7295,2377
02/11/2020,34995,13987,44026,6018,9112,16232,7832,7289,2376
01/11/2020,34995,13977,44018,6018,9105,16232,7823,7289,2376
31/10/2020,34977,13977,43994,6011,9105,16219,7809,7289,2376
30/10/2020,34962,13977,43980,6002,9092,16159,7794,7289,2376
29/10/2020,34916,13966,43958,5994,9086,16122,7778,7289,2375
28/10/2020,34898,13945,43920,5978,9076,16084,7757,7289,2374
27/10/2020,34869,13932,43869,5970,9066,16033,7723,7288,2374
26/10/2020,34840,13926,43821,5966,9045,15984,7708,7288,2374
25/10/2020,34838,13914,43790,5965,9025,15966,7693,7288,2374
24/10/2020,34825,13914,43787,5960,9023,15947,7662,7288,2373
23/10/2020,34796,13910,43763,5955,9002,15897,7631,7285,2373
22/10/2020,34777,13908,43719,5946,8977,15860,7601,7284,2373
21/10/2020,34766,13895,43655,5933,8958,15787,7581,7280,2373
20/10/2020,34736,13872,43594,5927,8947,15748,7564,7276,2373
19/10/2020,34727,13857,43558,5923,8928,15713,7545,7268,2371
18/10/2020,34721,13833,43522,5921,8908,15689,7539,7267,2371
17/10/2020,34712,13833,43501,5913,8905,15689,7519,7267,2371
16/10/2020,34701,13827,43487,5904,8892,15639,7476,7265,2371
15/10/2020,34674,13810,43441,5899,8869,15563,7444,7248,2371
14/10/2020,34638,13787,43398,5896,8854,15518,7433,7246,2371
13/10/2020,34626,13784,43306,5888,8820,15469,7414,7246,2369
12/10/2020,34607,13765,43263,5877,8779,15411,7382,7242,2369
11/10/2020,34605,13754,43236,5869,8760,15379,7362,7240,2369
10/10/2020,34597,13754,43225,5857,8745,15329,7354,7233,2369
09/10/2020,34567,13750,43192,5844,8715,15235,7339,7215,2369
08/10/2020,34520,13735,43122,5821,8676,15208,7316,7202,2369
07/10/2020,34498,13728,43075,5811,8641,15130,7257,7197,2369
06/10/2020,34449,13706,43022,5798,8600,15084,7243,7197,2369
05/10/2020,34449,13673,42953,5787,8544,14907,7229,7197,2368
04/10/2020,34433,13659,42927,5785,8519,14772,7211,7194,2368
03/10/2020,34419,13647,42884,5772,8464,14634,7187,7194,2368
02/10/2020,34391,13644,42847,5762,8389,14481,7153,7184,2368
01/10/2020,34351,13626,42746,5744,8322,14263,7128,7168,2368
30/09/2020,34311,13611,42721,5731,8298,14036,7100,7136,2366
29/09/2020,34282,13594,42684,5719,8228,13570,7069,7129,2366
28/09/2020,34279,13563,42625,5711,8188,13308,7055,7129,2365
27/09/2020,34262,13533,42588,5697,8148,13148,7032,7129,2364
26/09/2020,34233,13529,42544,5679,8137,12992,6986,7129,2363
25/09/2020,34181,13507,42508,5679,8055,12865,6940,7124,2363
24/09/2020,34136,13488,42374,5650,7988,12631,6879,7109,2363
23/09/2020,34091,13451,42336,5606,7925,12313,6817,7089,2362
22/09/2020,34067,13429,42276,5565,7790,12146,6769,7049,2362
21/09/2020,34030,13422,42226,5555,7736,11934,6696,7026,2361
20/09/2020,34003,13394,42178,5549,7682,11806,6680,7023,2361
19/09/2020,33969,13392,42153,5527,7666,11741,6639,7022,2361
18/09/2020,33875,13378,42100,5515,7653,11547,6605,7017,2361
17/09/2020,33842,13328,42064,5493,7540,11267,6518,7007,2360
16/09/2020,33804,13294,41991,5476,7519,11027,6418,6983,2360
15/09/2020,33731,13261,41923,5451,7469,10785,6339,6969,2358
14/09/2020,33619,13192,41819,5442,7387,10566,6268,6968,2358
13/09/2020,33296,13142,41759,5413,7294,10371,6204,6954,2358
12/09/2020,33082,13065,41691,5380,7255,10087,6127,6937,2358
11/09/2020,32950,12889,41653,5359,7166,9845,6019,6933,2358
10/09/2020,32797,12766,41555,5349,6933,9623,5911,6913,2358
09/09/2020,32565,12721,41430,5298,6744,9516,5840,6873,2358
08/09/2020,32268,12671,41314,5199,6561,9387,5705,6846,2357
07/09/2020,32161,12629,41197,5185,6389,9240,5627,6821,2355
06/09/2020,31889,12624,41112,5176,6215,9002,5606,6792,2353
05/09/2020,31725,12615,41085,5148,6107,8880,5546,6785,2350
04/09/2020,31446,12589,41007,5129,6039,8756,5496,6771,2347
03/09/2020,31232,12559,40885,5086,5861,8632,5433,6753,2340
02/09/2020,31124,12516,40792,4984,5760,8386,5360,6671,2335
01/09/2020,31039,12432,40638,4968,5655,8269,5295,6639,2332
31/08/2020,30999,12370,40445,4960,5539,8135,5220,6610,2320
30/08/2020,30898,12297,40293,4951,5472,8015,5133,6592,2317
29/08/2020,30678,12290,40270,4907,5472,7741,5097,6584,2315
28/08/2020,30349,12204,40176,4856,5417,7510,5024,6565,2308
27/08/2020,29851,12161,40014,4818,5252,7311,4923,6502,2297
26/08/2020,29498,12068,39878,4766,5138,7163,4851,6449,2283
25/08/2020,29149,12017,39616,4736,4944,7066,4786,6422,2263
24/08/2020,28935,11956,39437,4718,4832,6982,4705,6342,2241
23/08/2020,28328,11844,39373,4689,4771,6939,4638,6335,2232
22/08/2020,27985,11791,39286,4636,4736,6905,4536,6322,2230
21/08/2020,27771,11689,39113,4575,4636,6784,4421,6238,2208
20/08/2020,27306,11621,38969,4496,4538,6507,4343,6156,2129
19/08/2020,27100,11563,38862,4367,4420,6317,4254,6093,2074
18/08/2020,26295,11491,38580,4299,4152,6012,4147,6022,2021
17/08/2020,26052,11411,38511,4283,3291,5751,3985,5971,1968
16/08/2020,25776,11359,38416,4269,3153,5647,3808,5957,1959
15/08/2020,25122,11346,38301,4255,3037,5595,3623,5957,1910
14/08/2020,24145,11074,38016,4227,2608,5335,3296,5954,1804
13/08/2020,24145,11074,38016,4227,2608,5335,3296,5954,1804
12/08/2020,23721,10990,37831,4214,2352,5140,3127,5930,1766
11/08/2020,22908,10845,37599,4193,2232,4942,2978,5921,1710
10/08/2020,22322,10722,37392,4150,1941,4779,2837,5836,1656
09/08/2020,21606,10586,37057,4138,1860,4629,2712,5789,1622
08/08/2020,21105,10435,36924,4117,1820,4629,2661,5777,1587
07/08/2020,20481,10392,36688,4039,1792,4628,2562,5760,1549
06/08/2020,19575,10309,36459,4027,1760,4611,2436,5729,1517
05/08/2020,19024,10213,36081,3960,1747,4587,2337,5697,1495
04/08/2020,18115,10031,35759,3890,1670,4507,2261,5669,1459
03/08/2020,17699,9815,35296,3741,1627,4400,2199,5638,1431
02/08/2020,16823,9626,34972,3693,1576,4275,2141,5619,1428
01/08/2020,16425,9418,34738,3573,1520,4045,2094,5552,1428
31/07/2020,15951,9030,34409,3073,1486,3929,2051,5441,1419
30/07/2020,15595,8582,33990,3073,1470,3779,1962,5376,1407
29/07/2020,14982,8410,33550,2913,1464,3548,1944,5325,1398
28/07/2020,14618,8310,33084,2859,1458,3387,1921,5315,1375
27/07/2020,14403,8104,32653,2822,1443,3194,1894,5295,1373
26/07/2020,13780,7544,32372,2756,1436,3050,1834,5290,1367
25/07/2020,13371,7420,32138,2657,1390,2825,1826,5289,1365
24/07/2020,12273,7305,31846,2557,1385,2645,1807,5276,1362
23/07/2020,11943,7047,31656,2506,1266,2594,1736,5193,1311
22/07/2020,11409,6887,31400,2431,1249,2588,1698,5173,1300
21/07/2020,10621,6694,30887,2346,1188,2583,1662,5163,1213
20/07/2020,10190,6526,30309,2244,1188,2561,1637,5124,1212
19/07/2020,9655,6406,29754,2211,1172,2483,1605,5092,1204
18/07/2020,8922,6277,29484,2177,1097,2347,1588,5068,1178
17/07/2020,8209,6045,28989,2112,1086,2028,1536,5040,1057
16/07/2020,7976,5926,27744,2016,1060,1873,1490,5026,1045
15/07/2020,7662,5744,26671,1974,1000,1743,1422,4957,1045
14/07/2020,7402,5468,26124,1921,969,1660,1374,4904,1045
13/07/2020,7124,5315,25260,1861,919,1533,1332,4861,1045
12/07/2020,6703,5188,24900,1786,895,1501,1332,4837,1045
11/07/2020,6366,5014,24625,1701,858,1501,1298,4811,1026
10/07/2020,5704,4915,24025,1635,847,1454,1165,4794,1026
09/07/2020,5376,4769,23411,1546,844,1284,1162,4695,1026
08/07/2020,5151,4635,22926,1491,831,1214,1099,4611,1026
07/07/2020,4876,4492,22398,1380,801,1069,1068,4435,1026
06/07/2020,4685,4429,21953,1283,782,1039,1000,4332,1006
05/07/2020,4205,4199,21752,1233,761,971,967,4275,934
04/07/2020,3872,4146,21190,1189,758,830,917,4275,808
03/07/2020,3634,4089,20558,1145,728,830,852,4265,717
02/07/2020,3397,3836,19991,1093,720,764,811,4203,713
01/07/2020,3241,3744,19257,1012,689,709,766,4173,636
30/06/2020,3029,3640,18881,949,674,652,707,4119,568
29/06/2020,2967,3501,18211,899,664,596,644,4075,568
28/06/2020,2882,3468,17873,878,641,537,637,4041,567
27/06/2020,2774,3416,17455,794,603,514,578,3975,567
26/06/2020,2580,3233,16777,792,589,432,524,3934,562
25/06/2020,2373,2970,16555,721,588,393,470,3920,513
24/06/2020,2161,2920,15984,699,576,331,422,3887,507
23/06/2020,1966,2775,15442,675,560,299,382,3785,505
22/06/2020,1918,2612,15067,599,546,275,301,3679,496
21/06/2020,1780,2551,14499,488,428,246,301,3613,482
20/06/2020,1545,2360,14165,469,424,239,253,3581,476
19/06/2020,1469,2302,13539,459,407,206,196,3473,425
18/06/2020,1386,2179,12988,443,392,191,185,3326,409
17/06/2020,1298,2041,12725,420,378,175,134,3128,386
16/06/2020,1254,1915,12366,400,361,149,129,2994,315
15/06/2020,1213,1878,11741,389,343,123,117,2962,307
14/06/2020,1149,1723,11424,378,331,112,102,2954,286
13/06/2020,1064,1537,11154,369,295,112,100,2944,267
12/06/2020,983,1441,10536,358,274,87,85,2927,238
11/06/2020,932,1369,10127,334,268,77,74,2809,175
10/06/2020,842,1297,9594,305,205,69,61,2778,130
09/06/2020,804,1231,9224,288,200,68,43,2692,94
08/06/2020,776,1162,8811,274,188,65,43,2565,65
07/06/2020,754,1097,8676,260,183,58,39,2511,65
06/06/2020,737,1022,8556,256,171,58,39,2472,47
05/06/2020,692,960,8144,247,147,49,38,2428,23
04/06/2020,661,898,7952,238,119,44,32,2278,23
03/06/2020,635,851,7637,222,98,40,31,2101,23
02/06/2020,614,786,7235,218,93,37,29,1965,14
01/06/2020,555,714,7018,210,70,37,28,1885,14
31/05/2020,507,611,6711,204,68,32,26,1809,14
30/05/2020,478,556,6542,190,48,32,25,1707,14
29/05/2020,444,488,5946,166,48,24,25,1576,14
28/05/2020,423,419,5774,159,46,22,25,1506,13
27/05/2020,415,376,5366,155,44,19,25,1355,13
26/05/2020,410,345,4888,153,44,19,22,1242,13
25/05/2020,403,339,4527,151,44,19,22,1142,13
24/05/2020,394,329,4199,150,42,18,21,1097,13
23/05/2020,386,295,3900,145,41,18,21,1097,12
22/05/2020,381,285,3665,143,41,18,19,1015,12
21/05/2020,375,266,3414,141,41,17,19,902,12
20/05/2020,363,259,3241,138,40,14,19,833,12
19/05/2020,355,246,2982,138,39,13,17,679,12
18/05/2020,342,228,2894,137,39,13,17,581,12
17/05/2020,335,224,2763,135,38,13,17,551,12
16/05/2020,333,214,2518,133,36,13,16,551,12
15/05/2020,328,196,2297,132,36,13,15,548,12
14/05/2020,322,170,2163,132,36,13,15,509,12
13/05/2020,319,148,2041,128,36,13,15,436,12
12/05/2020,316,130,1925,128,36,13,15,389,12
11/05/2020,313,109,1823,124,36,10,15,389,12
10/05/2020,309,104,1633,124,35,10,15,314,12
09/05/2020,301,95,1537,121,35,10,11,312,12
08/05/2020,294,90,1387,116,35,9,11,312,12
07/05/2020,271,82,1318,115,35,6,11,231,12
06/05/2020,271,82,1318,115,35,6,11,231,12
05/05/2020,260,82,1160,113,35,6,6,212,12
04/05/2020,253,82,1083,113,35,6,6,212,12
03/05/2020,243,82,979,111,33,4,5,212,12
02/05/2020,241,81,904,111,26,3,4,212,12
01/05/2020,218,80,656,102,26,3,3,67,12
30/04/2020,218,80,656,102,26,3,3,67,12
29/04/2020,218,80,656,102,26,3,3,67,12
28/04/2020,202,80,615,102,26,3,3,67,12
27/04/2020,188,79,587,92,26,3,3,63,12
26/04/2020,185,78,553,92,26,3,3,62,12
25/04/2020,168,78,525,79,26,3,2,57,12
24/04/2020,155,70,446,65,21,3,2,33,12
23/04/2020,155,70,446,65,21,3,2,33,12
22/04/2020,150,66,385,62,21,3,2,2,12
21/04/2020,140,63,371,59,21,3,1,2,12
20/04/2020,137,62,324,49,19,3,1,2,12
19/04/2020,134,61,317,49,19,3,1,2,12
18/04/2020,133,61,290,45,19,3,1,0,12
17/04/2020,126,60,255,45,18,3,1,0,12
16/04/2020,120,60,237,42,18,3,1,0,12
15/04/2020,101,59,215,37,15,2,1,0,11
14/04/2020,101,59,215,37,15,2,1,0,11
13/04/2020,91,57,190,30,15,2,1,0,11
12/04/2020,80,54,177,14,15,2,1,0,11
11/04/2020,73,52,163,13,15,2,1,0,11
10/04/2020,65,49,147,11,15,1,1,0,11
09/04/2020,59,48,134,9,13,1,1,0,10
08/04/2020,57,48,130,8,13,1,1,0,10
07/04/2020,57,47,127,8,13,1,1,0,10
06/04/2020,39,38,103,8,10,1,1,0,10
05/04/2020,37,33,100,8,8,1,1,0,6
04/04/2020,32,33,97,8,5,1,1,0,6
03/04/2020,20,24,74,8,5,1,1,0,6
02/04/2020,20,24,74,8,5,1,1,0,6
01/04/2020,19,22,70,8,5,1,1,0,6
31/03/2020,16,21,68,8,4,1,1,0,4
30/03/2020,16,20,64,8,4,0,1,0,1
29/03/2020,14,20,59,8,3,0,1,0,1
28/03/2020,13,18,52,8,3,0,1,0,1
27/03/2020,8,10,34,8,1,0,0,0,0
26/03/2020,8,10,34,8,1,0,0,0,0
25/03/2020,8,10,34,8,1,0,0,0,0
24/03/2020,4,3,31,8,0,0,0,0,0
23/03/2020,3,3,18,8,0,0,0,0,0
22/03/2020,1,3,16,8,0,0,0,0,0
21/03/2020,1,3,16,8,0,0,0,0,0
20/03/2020,1,2,5,8,0,0,0,0,0
19/03/2020,1,2,5,8,0,0,0,0,0
18/03/2020,1,2,5,8,0,0,0,0,0
17/03/2020,0,0,4,7,0,0,0,0,0
16/03/2020,0,0,4,7,0,0,0,0,0
15/03/2020,0,0,3,7,0,0,0,0,0
14/03/2020,0,0,3,7,0,0,0,0,0
13/03/2020,0,0,2,7,0,0,0,0,0
12/03/2020,0,0,2,7,0,0,0,0,0
11/03/2020,0,0,1,1,0,0,0,0,0
10/03/2020,0,0,1,1,0,0,0,0,0
09/03/2020,0,0,1,1,0,0,0,0,0
